{"link-accuracy": {"dummy_score": 0.6716906092694231, "model_score": 0.7565834711665335, "dummy_increase": 0.08489286189711032, "feature_increase": -1}, "link-WS_1": {"dummy_score": 0.35717073263229815, "model_score": 0.4591781969003302, "dummy_increase": 0.10200746426803203, "feature_increase": 0.1541767405767095}, "link-WD_1": {"dummy_score": 0.3230872163396212, "model_score": 0.5590897899369244, "dummy_increase": 0.2360025735973032, "feature_increase": 0.2736151583333795}, "link-WS_3": {"dummy_score": 0.35232024327595807, "model_score": 0.4694583766176361, "dummy_increase": 0.11713813334167805, "feature_increase": 0.13689514682348092}, "link-WD_3": {"dummy_score": 0.2504227920722689, "model_score": 0.5215299399061645, "dummy_increase": 0.27110714783389556, "feature_increase": 0.3035056179402721}, "link-WS_4": {"dummy_score": 0.3255775046899711, "model_score": 0.4419152020204978, "dummy_increase": 0.11633769733052668, "feature_increase": 0.09319773477246684}, "link-WD_4": {"dummy_score": 0.28937538335459145, "model_score": 0.604228791114734, "dummy_increase": 0.3148534077601426, "feature_increase": 0.20871613644622594}, "link-lat_1": {"dummy_score": NaN, "model_score": NaN, "dummy_increase": NaN, "feature_increase": NaN}, "link-long_1": {"dummy_score": NaN, "model_score": NaN, "dummy_increase": NaN, "feature_increase": NaN}, "link-lat_2": {"dummy_score": NaN, "model_score": NaN, "dummy_increase": NaN, "feature_increase": NaN}, "link-long_2": {"dummy_score": NaN, "model_score": NaN, "dummy_increase": NaN, "feature_increase": NaN}, "link-lat_3": {"dummy_score": NaN, "model_score": NaN, "dummy_increase": NaN, "feature_increase": NaN}, "link-long_3": {"dummy_score": NaN, "model_score": NaN, "dummy_increase": NaN, "feature_increase": NaN}, "link-s": {"dummy_score": 1.0, "model_score": 1.0, "dummy_increase": 0.0, "feature_increase": 0.0}, "link-m": {"dummy_score": 0.2665353376320684, "model_score": 0.2620937840174986, "dummy_increase": -0.004441553614569771, "feature_increase": 0.0069751854163878635}, "link-h": {"dummy_score": 0.29002583216516875, "model_score": 0.2728728866160143, "dummy_increase": -0.017152945549154475, "feature_increase": -0.09749810066582526}, "link-day": {"dummy_score": 0.7516586451577595, "model_score": 0.6107182994971017, "dummy_increase": -0.14094034566065783, "feature_increase": -0.12893510244661155}, "link-wd": {"dummy_score": 0.1873292574462687, "model_score": 0.25157248843410446, "dummy_increase": 0.06424323098783577, "feature_increase": 0.06572476201412011}, "link-we": {"dummy_score": 0.7056254525844349, "model_score": 0.5301190411367486, "dummy_increase": -0.1755064114476863, "feature_increase": -0.10891880136216125}, "accuracy": 75.65834711665335, "drift_accuracy_50": 0, "drift_km_50": 0, "drift_kt_50": 0, "drift_accuracy_100": 0, "drift_km_100": 0, "drift_kt_100": 0, "drift_accuracy_250": 0, "drift_km_250": 0, "drift_kt_250": 0, "drift_accuracy_500": 0, "drift_km_500": 0, "drift_kt_500": 0, "drift_accuracy_750": 0, "drift_km_750": 0, "drift_kt_750": 0, "drift_accuracy_1000": 0, "drift_km_1000": 0, "drift_kt_1000": 0, "detect_accuracy_50": 0.8338423946243128, "detect_km_50": 0.3113924050632912, "detect_kt_50": -19.923076923076962, "detect_accuracy_100": 0.8112433319655314, "detect_km_100": 0.3602225312934632, "detect_kt_100": -23.210526315789505, "detect_accuracy_250": 0.7723795741161877, "detect_km_250": 0.40163043478260874, "detect_kt_250": -22.4255319148937, "detect_accuracy_500": 0.8247434839014035, "detect_km_500": 0.470797720797721, "detect_kt_500": -21.8615384615383, "detect_accuracy_750": 0.8125052174638951, "detect_km_750": 0.3896739130434783, "detect_kt_750": -23.95555555555544, "detect_accuracy_1000": 0.7944957684604949, "detect_km_1000": 0.3783466875122142, "detect_kt_1000": -25.508333333333198, "uniquedetect_accuracy_50": 0.8338423946243128, "uniquedetect_km_50": 0.3113924050632912, "uniquedetect_kt_50": -19.923076923076962, "uniquedetect_accuracy_100": 0.8112433319655314, "uniquedetect_km_100": 0.3602225312934632, "uniquedetect_kt_100": -23.210526315789505, "uniquedetect_accuracy_250": 0.7723795741161877, "uniquedetect_km_250": 0.40163043478260874, "uniquedetect_kt_250": -22.4255319148937, "uniquedetect_accuracy_500": 0.8247434839014035, "uniquedetect_km_500": 0.470797720797721, "uniquedetect_kt_500": -21.8615384615383, "uniquedetect_accuracy_750": 0.8125052174638951, "uniquedetect_km_750": 0.3896739130434783, "uniquedetect_kt_750": -23.95555555555544, "uniquedetect_accuracy_1000": 0.7944957684604949, "uniquedetect_km_1000": 0.3783466875122142, "uniquedetect_kt_1000": -25.508333333333198, "driftdetect_accuracy_50": 0, "driftdetect_km_50": 0, "driftdetect_kt_50": 0, "driftdetect_accuracy_100": 0, "driftdetect_km_100": 0, "driftdetect_kt_100": 0, "driftdetect_accuracy_250": 0, "driftdetect_km_250": 0, "driftdetect_kt_250": 0, "driftdetect_accuracy_500": 0, "driftdetect_km_500": 0, "driftdetect_kt_500": 0, "driftdetect_accuracy_750": 0, "driftdetect_km_750": 0, "driftdetect_kt_750": 0, "driftdetect_accuracy_1000": 0, "driftdetect_km_1000": 0, "driftdetect_kt_1000": 0, "average_purity": 0, "Max Recall": 0, "Max Precision": 0, "Precision for Max Recall": 0, "Recall for Max Precision": 0, "f1": 0, "MR by System": 0, "MP by System": 0, "PMR by System": 0, "RMP by System": 0, "f1 by System": 0, "Num Good System Concepts": 0, "Max Recall_alt": 0, "Max Precision_alt": 0, "Precision for Max Recall_alt": 0, "Recall for Max Precision_alt": 0, "f1_alt": 0, "MR by System_alt": 0, "MP by System_alt": 0, "PMR by System_alt": 0, "RMP by System_alt": 0, "f1 by System_alt": 0, "Num Good System Concepts_alt": 0}