{"link-accuracy": {"dummy_score": 0.6716906092694231, "model_score": 0.7571224144659815, "dummy_increase": 0.08543180519655835, "feature_increase": -1}, "link-WS_1": {"dummy_score": 0.35717073263229815, "model_score": 0.5293572063219959, "dummy_increase": 0.17218647368969775, "feature_increase": 0.2243557499983752}, "link-WD_1": {"dummy_score": 0.3230872163396212, "model_score": 0.5917576843744646, "dummy_increase": 0.26867046803484346, "feature_increase": 0.3062830527709198}, "link-WS_3": {"dummy_score": 0.35232024327595807, "model_score": 0.49665281240853004, "dummy_increase": 0.14433256913257198, "feature_increase": 0.16408958261437484}, "link-WD_3": {"dummy_score": 0.2504227920722689, "model_score": 0.5989726092631715, "dummy_increase": 0.3485498171909026, "feature_increase": 0.38094828729727914}, "link-WS_4": {"dummy_score": 0.3255775046899711, "model_score": 0.44360620452061256, "dummy_increase": 0.11802869983064146, "feature_increase": 0.09488873727258162}, "link-WD_4": {"dummy_score": 0.28937538335459145, "model_score": 0.5957358129421115, "dummy_increase": 0.3063604295875201, "feature_increase": 0.20022315827360343}, "link-lat_1": {"dummy_score": NaN, "model_score": NaN, "dummy_increase": NaN, "feature_increase": NaN}, "link-long_1": {"dummy_score": NaN, "model_score": NaN, "dummy_increase": NaN, "feature_increase": NaN}, "link-lat_2": {"dummy_score": NaN, "model_score": NaN, "dummy_increase": NaN, "feature_increase": NaN}, "link-long_2": {"dummy_score": NaN, "model_score": NaN, "dummy_increase": NaN, "feature_increase": NaN}, "link-lat_3": {"dummy_score": NaN, "model_score": NaN, "dummy_increase": NaN, "feature_increase": NaN}, "link-long_3": {"dummy_score": NaN, "model_score": NaN, "dummy_increase": NaN, "feature_increase": NaN}, "link-s": {"dummy_score": 1.0, "model_score": 1.0, "dummy_increase": 0.0, "feature_increase": 0.0}, "link-m": {"dummy_score": 0.2665353376320684, "model_score": 0.26099103644137495, "dummy_increase": -0.005544301190693435, "feature_increase": 0.0058724378402642}, "link-h": {"dummy_score": 0.29002583216516875, "model_score": 0.2572423690061268, "dummy_increase": -0.03278346315904196, "feature_increase": -0.11312861827571274}, "link-day": {"dummy_score": 0.7516586451577595, "model_score": 0.6105510443400676, "dummy_increase": -0.1411076008176919, "feature_increase": -0.12910235760364563}, "link-wd": {"dummy_score": 0.1873292574462687, "model_score": 0.2580582717457565, "dummy_increase": 0.07072901429948783, "feature_increase": 0.07221054532577217}, "link-we": {"dummy_score": 0.7056254525844349, "model_score": 0.5437782122945259, "dummy_increase": -0.16184724028990893, "feature_increase": -0.09525963020438388}, "accuracy": 75.71224144659816, "drift_accuracy_50": 0, "drift_km_50": 0, "drift_kt_50": 0, "drift_accuracy_100": 0, "drift_km_100": 0, "drift_kt_100": 0, "drift_accuracy_250": 0, "drift_km_250": 0, "drift_kt_250": 0, "drift_accuracy_500": 0, "drift_km_500": 0, "drift_kt_500": 0, "drift_accuracy_750": 0, "drift_km_750": 0, "drift_kt_750": 0, "drift_accuracy_1000": 0, "drift_km_1000": 0, "drift_kt_1000": 0, "detect_accuracy_50": 0.7315973960941412, "detect_km_50": 0.19640179910044986, "detect_kt_50": -18.851851851851897, "detect_accuracy_100": 0.7379697927643133, "detect_km_100": 0.2982126058325493, "detect_kt_100": -21.606060606060666, "detect_accuracy_250": 0.7218825273299981, "detect_km_250": 0.3102022058823529, "detect_kt_250": -24.016666666666758, "detect_accuracy_500": 0.7857066552718727, "detect_km_500": 0.36033163265306123, "detect_kt_500": -24.392405063291097, "detect_accuracy_750": 0.7883456639463047, "detect_km_750": 0.3053817271589489, "detect_kt_750": -27.906249999999943, "detect_accuracy_1000": 0.7804400687978175, "detect_km_1000": 0.3509817671809256, "detect_kt_1000": -27.04545454545459, "uniquedetect_accuracy_50": 0.7315973960941412, "uniquedetect_km_50": 0.19640179910044986, "uniquedetect_kt_50": -18.851851851851897, "uniquedetect_accuracy_100": 0.7379697927643133, "uniquedetect_km_100": 0.2982126058325493, "uniquedetect_kt_100": -21.606060606060666, "uniquedetect_accuracy_250": 0.7218825273299981, "uniquedetect_km_250": 0.3102022058823529, "uniquedetect_kt_250": -24.016666666666758, "uniquedetect_accuracy_500": 0.7857066552718727, "uniquedetect_km_500": 0.36033163265306123, "uniquedetect_kt_500": -24.392405063291097, "uniquedetect_accuracy_750": 0.7883456639463047, "uniquedetect_km_750": 0.3053817271589489, "uniquedetect_kt_750": -27.906249999999943, "uniquedetect_accuracy_1000": 0.7804400687978175, "uniquedetect_km_1000": 0.3509817671809256, "uniquedetect_kt_1000": -27.04545454545459, "driftdetect_accuracy_50": 0, "driftdetect_km_50": 0, "driftdetect_kt_50": 0, "driftdetect_accuracy_100": 0, "driftdetect_km_100": 0, "driftdetect_kt_100": 0, "driftdetect_accuracy_250": 0, "driftdetect_km_250": 0, "driftdetect_kt_250": 0, "driftdetect_accuracy_500": 0, "driftdetect_km_500": 0, "driftdetect_kt_500": 0, "driftdetect_accuracy_750": 0, "driftdetect_km_750": 0, "driftdetect_kt_750": 0, "driftdetect_accuracy_1000": 0, "driftdetect_km_1000": 0, "driftdetect_kt_1000": 0, "average_purity": 0, "Max Recall": 0, "Max Precision": 0, "Precision for Max Recall": 0, "Recall for Max Precision": 0, "f1": 0, "MR by System": 0, "MP by System": 0, "PMR by System": 0, "RMP by System": 0, "f1 by System": 0, "Num Good System Concepts": 0, "Max Recall_alt": 0, "Max Precision_alt": 0, "Precision for Max Recall_alt": 0, "Recall for Max Precision_alt": 0, "f1_alt": 0, "MR by System_alt": 0, "MP by System_alt": 0, "PMR by System_alt": 0, "RMP by System_alt": 0, "f1 by System_alt": 0, "Num Good System Concepts_alt": 0}